,rank,name,teams,ages,games,completed,att,yards,touchdowns,first_downs,sacks,season
0,1,Matthew Stafford,DET,23,16,421,663,5038,41,243,36,2011
1,2,Drew Brees,NOR,32,16,468,657,5476,46,279,24,2011
2,3,Tom Brady ,NWE,34,16,401,611,5235,39,262,32,2011
3,4,Eli Manning,NYG,30,16,359,589,4933,29,218,28,2011
4,5,Philip Rivers,SDG,30,16,366,582,4624,27,234,30,2011
5,6,Ryan Fitzpatrick,BUF,29,16,353,569,3832,24,179,22,2011
6,7,Matt Ryan,ATL,26,16,347,566,4177,29,208,26,2011
7,8,Josh Freeman ,TAM,23,15,346,551,3592,16,170,29,2011
8,9,Mark Sanchez,NYJ,25,16,308,543,3474,26,172,39,2011
9,10,Joe Flacco,BAL,26,16,312,542,3610,20,180,31,2011
10,11,Tony Romo ,DAL,31,16,346,522,4184,31,203,36,2011
11,12,Matt Hasselbeck ,TEN,36,16,319,518,3571,18,163,19,2011
12,13,Cam Newton,CAR,22,16,310,517,4051,21,176,35,2011
13,14,Andy Dalton,CIN,24,16,300,516,3398,20,151,24,2011
14,15,Ben Roethlisberger,PIT,29,15,324,513,4077,21,210,40,2011
15,16,Aaron Rodgers ,GNB,28,15,343,502,4643,45,209,36,2011
16,17,Colt McCoy,CLE,25,13,265,463,2733,14,142,32,2011
17,18,Rex Grossman,WAS,31,13,265,458,3151,16,161,25,2011
18,19,Tarvaris Jackson ,SEA,28,14,271,450,3091,14,139,42,2011
19,20,Alex Smith,SFO,27,16,273,445,3144,17,145,44,2011
20,21,Michael Vick,PHI,31,13,253,423,3303,18,154,23,2011
21,22,Blaine Gabbert,JAX,22,14,210,413,2214,12,111,40,2011
22,23,Sam Bradford ,STL,24,10,191,357,2164,6,104,36,2011
23,24,Matt Moore,MIA,27,12,210,347,2497,16,122,36,2011
24,25,Carson Palmer,OAK,32,9,199,328,2753,13,123,17,2011
25,26,Jay Cutler ,CHI,28,10,182,314,2319,13,107,23,2011
26,27,Matt Schaub,HOU,30,10,178,292,2479,15,118,16,2011
27,28,Christian Ponder,MIN,23,10,158,291,1853,13,92,30,2011
28,29,John Skelton,ARI,23,7,151,275,1913,11,81,23,2011
29,30,Tim Tebow,DEN,24,11,126,271,1729,12,77,33,2011
30,31,Matt Cassel,KAN,29,9,160,269,1713,10,84,22,2011
31,32,Kevin Kolb,ARI,27,9,146,253,1955,9,87,30,2011
32,34,Curtis Painter,IND,26,8,132,243,1541,6,71,16,2011
33,35,Dan Orlovsky,IND,28,5,122,193,1201,6,71,14,2011
34,36,Jason Campbell,OAK,30,6,100,165,1170,6,56,5,2011
35,37,Donovan McNabb,MIN,35,6,94,156,1026,4,52,16,2011
36,38,Tyler Palko,KAN,28,4,80,134,796,2,40,11,2011
37,39,T.J. Yates,HOU,24,5,82,134,949,3,48,15,2011
38,40,John Beck,WAS,30,3,80,132,858,2,44,16,2011
39,41,Vince Young,PHI,28,3,66,114,866,4,39,8,2011
40,42,Chad Henne,MIA,26,4,64,112,868,4,41,11,2011
41,43,Seneca Wallace,CLE,31,3,55,107,567,2,29,6,2011
42,44,Caleb Hanie,CHI,26,4,51,102,613,3,29,19,2011
43,45,Kerry Collins,IND,39,3,48,98,481,2,29,5,2011
44,46,A.J. Feeley,STL,34,3,53,97,548,1,27,10,2011
45,47,Kellen Clemens,STL,28,3,48,91,546,2,30,9,2011
46,48,Jake Locker,TEN,23,0,34,66,542,4,22,5,2011
47,49,Joe Webb,MIN,25,1,34,63,376,3,17,3,2011
48,50,Luke McCown,JAX,30,2,30,56,296,0,13,4,2011
49,51,Charlie Whitehurst ,SEA,29,2,27,56,298,1,14,8,2011
50,52,Josh McCown,CHI,32,2,35,55,414,2,18,7,2011
51,53,Matt Flynn,GNB,26,1,33,49,518,6,22,5,2011
52,54,Stephen McGee,DAL,26,0,24,38,182,1,11,3,2011
53,55,Josh Johnson,TAM,25,1,19,36,246,1,12,3,2011
54,56,Kyle Boller,OAK,30,1,15,28,161,0,7,3,2011
55,57,Jake Delhomme,HOU,36,0,18,28,211,1,9,2,2011
56,58,Chris Redman,ATL,34,0,18,28,188,0,9,0,2011
57,59,Charlie Batch,PIT,37,1,15,24,208,0,9,2,2011
58,60,Richard Bartel,ARI,28,0,10,22,86,1,5,1,2011
59,61,Bruce Gradkowski,CIN,28,0,8,18,109,1,4,1,2011
60,62,Mike Kafka,PHI,24,0,11,16,107,0,3,1,2011
61,63,Matt Leinart,HOU,28,1,10,13,57,1,1,0,2011
62,64,Jon Kitna,DAL,39,0,6,10,87,1,4,0,2011
63,65,J.P. Losman,MIA,30,0,6,10,60,0,3,5,2011
64,66,Tyler Thigpen,BUF,27,0,3,8,25,0,2,0,2011
65,67,Chase Daniel,NOR,25,0,4,5,29,0,2,0,2011
66,68,Colin Kaepernick,SFO,24,0,3,5,35,0,2,0,2011
67,69,Mark Brunell,NYJ,41,0,1,3,27,0,1,0,2011
68,70,Shaun Hill,DET,31,0,2,3,33,0,1,0,2011
69,71,Shane Lechler,OAK,35,0,1,3,35,1,1,0,2011
70,72,Tom Brandstater,STL,27,0,0,2,0,0,0,0,2011
71,73,Marshawn Lynch ,SEA,25,15,0,2,0,0,0,0,2011
72,74,David Akers,SFO,37,0,1,1,14,1,1,0,2011
73,75,Brandon Banks,WAS,24,0,1,1,49,1,1,0,2011
74,76,Randall Cobb,GNB,21,0,0,1,0,0,0,0,2011
75,77,Britton Colquitt,DEN,26,0,0,1,0,0,0,0,2011
76,78,Eric Decker,DEN,24,13,0,1,0,0,0,0,2011
77,79,Armanti Edwards,CAR,23,0,1,1,11,0,1,0,2011
78,80,Matt Forte ,CHI,26,12,0,1,0,0,0,0,2011
79,81,Chas Henry ,PHI,22,0,0,1,0,0,0,0,2011
80,82,Brian Hoyer,NWE,26,0,1,1,22,0,1,0,2011
81,83,Jeremy Kerley,NYJ,23,1,1,1,41,0,1,0,2011
82,85,Legedu Naanee,CAR,28,10,1,1,27,0,1,0,2011
83,86,Jerious Norwood,STL,28,0,0,1,0,0,0,0,2011
84,87,Adam Podlesh,CHI,28,0,0,1,0,0,0,0,2011
85,88,Ray Rice,BAL,24,16,1,1,1,1,1,0,2011
86,89,Sidney Rice,SEA,25,9,1,1,55,0,1,0,2011
87,90,Emmanuel Sanders ,PIT,24,0,1,1,15,0,1,0,2011
88,91,Bernard Scott,CIN,27,1,0,1,0,0,0,0,2011
89,92,Daniel Sepulveda,PIT,27,0,1,1,33,0,1,0,2011
90,93,Brad Smith,BUF,28,5,0,1,0,0,0,1,2011
91,94,Micheal Spurlock,TAM,28,0,0,1,0,0,0,0,2011
92,95,Tyrod Taylor ,BAL,22,0,1,1,18,0,0,2,2011
93,96,Demaryius Thomas,DEN,24,5,0,1,0,0,0,0,2011
94,1,Matthew Stafford,DET,24,16,435,727,4967,20,267,29,2012
95,2,Drew Brees,NOR,33,16,422,670,5177,43,266,26,2012
96,3,Tony Romo ,DAL,32,16,425,648,4903,28,232,36,2012
97,4,Tom Brady ,NWE,35,16,401,637,4827,34,256,27,2012
98,5,Andrew Luck ,IND,23,16,339,627,4374,23,208,41,2012
99,6,Matt Ryan,ATL,27,16,422,615,4719,32,248,28,2012
100,7,Peyton Manning,DEN,36,16,400,583,4659,37,231,21,2012
101,8,Carson Palmer,OAK,33,15,345,565,4018,22,188,26,2012
102,9,Josh Freeman ,TAM,24,16,306,558,4065,27,186,26,2012
103,10,Aaron Rodgers ,GNB,29,16,371,552,4295,39,215,51,2012
104,11,Sam Bradford ,STL,25,16,328,551,3702,21,185,35,2012
105,12,Matt Schaub,HOU,31,16,350,544,4008,22,203,27,2012
106,13,Eli Manning,NYG,31,16,321,536,3948,26,187,19,2012
107,14,Joe Flacco,BAL,27,16,317,531,3817,22,178,35,2012
108,15,Andy Dalton,CIN,25,16,329,528,3669,27,172,46,2012
109,16,Philip Rivers,SDG,31,16,338,527,3606,26,184,49,2012
110,17,Brandon Weeden,CLE,29,15,297,517,3385,14,169,28,2012
111,18,Ryan Fitzpatrick,BUF,30,16,306,505,3400,24,175,30,2012
112,19,Cam Newton,CAR,23,16,280,485,3869,19,171,36,2012
113,20,Ryan Tannehill,MIA,24,16,282,484,3294,12,151,35,2012
114,21,Christian Ponder,MIN,24,16,300,483,2935,18,166,32,2012
115,22,Mark Sanchez,NYJ,26,15,246,453,2883,13,146,34,2012
116,23,Ben Roethlisberger,PIT,30,13,284,449,3265,26,167,30,2012
117,24,Jay Cutler ,CHI,29,15,255,434,3033,19,152,38,2012
118,25,Robert Griffin III,WAS,22,15,258,393,3200,20,151,30,2012
119,26,Russell Wilson ,SEA,24,16,252,393,3118,26,153,33,2012
120,27,Michael Vick,PHI,32,10,204,351,2362,12,115,28,2012
121,28,Jake Locker,TEN,24,11,177,314,2176,10,94,25,2012
122,29,Chad Henne,JAX,27,6,166,308,2084,11,86,28,2012
123,30,Blaine Gabbert,JAX,23,10,162,278,1662,9,72,22,2012
124,31,Matt Cassel,KAN,30,8,161,277,1796,6,97,19,2012
125,32,Nick Foles,PHI,23,6,161,265,1699,6,78,20,2012
126,33,Matt Hasselbeck ,TEN,37,5,138,221,1367,7,71,14,2012
127,34,Colin Kaepernick,SFO,25,7,136,218,1814,10,86,16,2012
128,35,Alex Smith,SFO,28,9,153,218,1737,13,87,24,2012
129,36,John Skelton,ARI,24,6,109,201,1132,2,55,15,2012
130,37,Brady Quinn,KAN,28,8,112,197,1141,2,49,21,2012
131,38,Kevin Kolb,ARI,28,5,109,183,1169,8,63,27,2012
132,39,Ryan Lindley,ARI,23,4,89,171,752,0,39,12,2012
133,40,Charlie Batch,PIT,38,2,45,70,475,1,22,3,2012
134,41,Brian Hoyer,ARI,27,1,30,53,330,1,12,4,2012
135,42,Byron Leftwich,PIT,32,1,25,53,272,0,13,3,2012
136,43,Jason Campbell,CHI,31,1,32,51,265,2,10,6,2012
137,44,Kirk Cousins ,WAS,24,1,33,48,466,4,20,3,2012
138,45,Matt Leinart,OAK,29,0,16,33,115,0,7,1,2012
139,46,Thaddeus Lewis,CLE,27,1,22,32,204,1,12,3,2012
140,47,Greg McElroy,NYJ,24,1,19,31,214,1,13,11,2012
141,48,Terrelle Pryor,OAK,23,1,14,30,155,2,9,0,2012
142,49,Tyrod Taylor ,BAL,23,0,17,29,179,0,8,3,2012
143,50,Matt Moore,MIA,28,0,11,19,131,1,7,2,2012
144,51,Colt McCoy,CLE,26,0,9,17,79,1,5,4,2012
145,52,Shaun Hill,DET,32,0,10,13,172,2,8,0,2012
146,53,Bruce Gradkowski,CIN,29,0,5,11,65,0,1,0,2012
147,54,Kyle Orton,DAL,30,0,9,10,89,1,6,0,2012
148,55,T.J. Yates,HOU,25,0,4,10,38,0,3,1,2012
149,56,Matt Flynn,SEA,27,0,5,9,68,0,3,0,2012
150,57,Tim Tebow,NYJ,25,2,6,8,39,0,2,2,2012
151,58,Dan Orlovsky,TAM,29,0,4,7,51,0,2,0,2012
152,59,Rusty Smith,TEN,25,0,3,5,34,0,2,0,2012
153,60,Tyler Thigpen,BUF,28,0,3,5,30,0,2,0,2012
154,61,Derek Anderson ,CAR,29,0,4,4,58,0,3,0,2012
155,62,Graham Harrell,GNB,27,0,2,4,20,0,1,0,2012
156,63,Ryan Mallett,NWE,24,0,1,4,17,0,1,0,2012
157,64,Brock Osweiler ,DEN,22,0,2,4,12,0,2,0,2012
158,65,David Carr,NYG,33,0,2,3,19,0,1,1,2012
159,66,Kellen Clemens,STL,29,0,1,3,39,0,1,0,2012
160,67,Johnny Hekker,STL,22,0,3,3,42,1,3,0,2012
161,68,Antonio Brown ,PIT,24,10,0,2,0,0,0,0,2012
162,69,Trent Edwards,PHI,29,0,2,2,14,0,0,0,2012
163,70,Tim Masthay,GNB,25,0,1,2,27,1,1,0,2012
164,71,Sidney Rice,SEA,26,16,1,2,25,0,1,0,2012
165,72,Danario Alexander,SDG,26,6,0,1,0,0,0,0,2012
166,73,Chase Daniel,NOR,26,0,1,1,10,0,1,0,2012
167,74,Armanti Edwards,CAR,24,0,0,1,0,0,0,0,2012
168,75,Brandon Fields,MIA,28,0,0,1,0,0,0,0,2012
169,76,Peyton Hillis,KAN,26,2,0,1,0,0,0,0,2012
170,77,T.Y. Hilton,IND,23,1,0,1,0,0,0,0,2012
171,78,Jeremy Kerley,NYJ,24,7,1,1,42,0,1,0,2012
172,79,Shane Lechler,OAK,36,0,1,1,4,0,0,0,2012
173,80,Josh Morgan,WAS,27,15,0,1,0,0,0,0,2012
174,81,Matt Prater,DEN,28,0,0,1,0,0,0,0,2012
175,82,Mohamed Sanu,CIN,23,3,1,1,73,1,1,0,2012
176,83,Brad Smith,BUF,29,2,0,1,0,0,0,0,2012
177,84,Golden Tate,SEA,24,15,1,1,23,1,1,0,2012
178,85,Mike Williams,TAM,25,16,1,1,28,0,1,0,2012
179,1,Peyton Manning,DEN,37,16,450,659,5477,55,291,18,2013
180,2,Matt Ryan,ATL,28,16,439,651,4515,26,228,44,2013
181,3,Drew Brees,NOR,34,16,446,650,5162,39,246,37,2013
182,4,Matthew Stafford,DET,25,16,371,634,4650,29,223,23,2013
183,5,Tom Brady ,NWE,36,16,380,628,4343,25,226,40,2013
184,6,Joe Flacco,BAL,28,16,362,614,3912,19,191,48,2013
185,7,Ryan Tannehill,MIA,25,16,355,588,3913,24,204,58,2013
186,8,Andy Dalton,CIN,26,16,363,586,4293,33,206,29,2013
187,9,Ben Roethlisberger,PIT,31,16,375,584,4261,28,211,42,2013
188,10,Carson Palmer,ARI,34,16,362,572,4274,24,205,41,2013
189,11,Andrew Luck ,IND,24,16,343,570,3822,23,189,32,2013
190,12,Eli Manning,NYG,32,16,317,551,3818,18,174,39,2013
191,13,Philip Rivers,SDG,32,16,378,544,4478,32,233,30,2013
192,14,Tony Romo ,DAL,33,15,342,535,3828,31,198,35,2013
193,15,Alex Smith,KAN,29,15,308,508,3313,23,168,39,2013
194,16,Chad Henne,JAX,28,13,305,503,3241,13,152,38,2013
195,17,Cam Newton,CAR,24,16,292,473,3379,24,172,43,2013
196,18,Robert Griffin III,WAS,23,13,274,456,3203,16,159,38,2013
197,19,Geno Smith,NYJ,23,16,247,443,3046,12,148,43,2013
198,20,Mike Glennon,TAM,24,13,247,416,2608,19,128,40,2013
199,21,Colin Kaepernick,SFO,26,16,243,416,3197,21,148,39,2013
200,22,Russell Wilson ,SEA,25,16,257,407,3357,26,157,44,2013
201,23,Matt Schaub,HOU,32,8,219,358,2310,10,116,21,2013
202,24,Jay Cutler ,CHI,30,11,224,355,2621,19,125,19,2013
203,25,Ryan Fitzpatrick,TEN,31,9,217,350,2454,14,119,21,2013
204,26,Jason Campbell,CLE,32,8,180,317,2015,11,86,16,2013
205,27,Nick Foles,PHI,24,10,203,317,2891,27,130,28,2013
206,28,EJ Manuel,BUF,23,10,180,306,1972,11,89,28,2013
207,29,Aaron Rodgers ,GNB,30,9,193,290,2536,17,108,21,2013
208,30,Terrelle Pryor,OAK,24,9,156,272,1798,7,86,31,2013
209,31,Brandon Weeden,CLE,30,5,141,267,1731,9,81,27,2013
210,32,Sam Bradford ,STL,26,7,159,262,1687,14,86,15,2013
211,33,Matt Cassel,MIN,31,6,153,254,1807,11,83,16,2013
212,34,Case Keenum,HOU,25,8,137,253,1760,9,76,19,2013
213,35,Kellen Clemens,STL,30,9,142,242,1673,8,81,21,2013
214,36,Christian Ponder,MIN,25,9,152,239,1648,7,83,27,2013
215,37,Josh McCown,CHI,34,5,149,224,1829,13,94,11,2013
216,38,Matt McGloin ,OAK,24,6,118,211,1547,8,70,6,2013
217,40,Jake Locker,TEN,25,7,111,183,1256,8,58,16,2013
218,41,Thaddeus Lewis,BUF,28,5,93,157,1092,4,49,18,2013
219,42,Kirk Cousins ,WAS,25,3,81,155,854,4,42,5,2013
220,44,Michael Vick,PHI,33,6,77,141,1215,5,52,15,2013
221,45,Brian Hoyer,CLE,28,3,57,96,615,5,33,6,2013
222,46,Scott Tolzien,GNB,26,2,55,90,717,1,29,3,2013
223,47,Blaine Gabbert,JAX,24,3,42,86,481,1,23,12,2013
224,48,Jeff Tuel,BUF,22,1,26,59,309,1,15,2,2013
225,49,Kyle Orton,DAL,31,1,33,51,398,2,19,0,2013
226,50,Matt Barkley,PHI,23,0,30,49,300,0,17,3,2013
227,51,Chase Daniel,KAN,27,1,25,38,248,1,14,2,2013
228,52,Matt Simms,NYJ,25,0,16,31,156,1,8,4,2013
229,53,Seneca Wallace,GNB,33,1,16,24,139,0,7,4,2013
230,54,T.J. Yates,HOU,26,0,15,22,113,0,7,2,2013
231,55,Brock Osweiler ,DEN,23,0,11,16,95,0,4,2,2013
232,56,Curtis Painter,NYG,28,0,8,16,57,0,2,1,2013
233,57,Tarvaris Jackson ,SEA,30,0,10,13,151,1,7,0,2013
234,58,Matt Hasselbeck ,IND,38,0,7,12,130,0,6,0,2013
235,59,Dominique Davis ,ATL,24,0,5,7,34,0,2,0,2013
236,60,Matt Moore,MIA,29,0,2,6,53,0,1,0,2013
237,61,Tyrod Taylor ,BAL,24,0,1,5,2,0,0,0,2013
238,62,Josh Cribbs,NYJ,30,0,2,3,38,0,2,0,2013
239,63,Michael Koenen,TAM,31,0,0,2,0,0,0,0,2013
240,64,Tavon Austin,STL,23,3,0,1,0,0,0,0,2013
241,65,Antonio Brown ,PIT,25,14,1,1,15,0,1,1,2013
242,66,Josh Bush,NYJ,24,0,0,1,0,0,0,0,2013
243,67,Larry Fitzgerald,ARI,30,16,0,1,0,0,0,0,2013
244,68,Johnny Hekker,STL,23,0,0,1,0,0,0,0,2013
245,69,Mike James ,TAM,22,3,1,1,2,1,1,0,2013
246,70,Maurice Jones-Drew,JAX,28,15,1,1,8,1,1,0,2013
247,71,Jeremy Kerley,NYJ,25,8,0,1,0,0,0,0,2013
248,72,Spencer Lanning,CLE,25,0,1,1,11,1,1,0,2013
249,73,Mat McBriar,PIT,34,0,1,1,30,0,1,0,2013
250,74,Luke McCown,NOR,32,0,0,1,0,0,0,0,2013
251,75,Colt McCoy,SFO,27,0,1,1,13,0,1,0,2013
252,76,Darren McFadden,OAK,26,7,1,1,16,1,1,0,2013
253,77,Patrick Peterson,ARI,23,16,1,1,17,0,1,0,2013
254,78,Bilal Powell,NYJ,25,11,1,1,30,0,1,0,2013
255,80,Marcel Reece ,OAK,28,15,1,1,22,0,1,0,2013
256,81,Denard Robinson,JAX,23,0,0,1,0,0,0,0,2013
257,82,Ace Sanders ,JAX,22,4,1,1,21,1,1,0,2013
258,83,Mohamed Sanu,CIN,24,14,1,1,25,0,1,0,2013
259,1,Drew Brees,NOR,35,16,456,659,4952,33,259,29,2014
260,2,Matt Ryan,ATL,29,16,415,628,4694,28,233,31,2014
261,3,Andrew Luck ,IND,25,16,380,616,4761,40,235,27,2014
262,4,Ben Roethlisberger,PIT,32,16,408,608,4952,32,244,33,2014
263,5,Matthew Stafford,DET,26,16,363,602,4257,22,212,45,2014
264,6,Eli Manning,NYG,33,16,379,601,4410,30,219,28,2014
265,7,Derek Carr,OAK,23,16,348,599,3270,21,163,24,2014
266,8,Peyton Manning,DEN,38,16,395,597,4727,39,227,17,2014
267,9,Ryan Tannehill,MIA,26,16,392,590,4045,27,225,46,2014
268,10,Tom Brady ,NWE,37,16,373,582,4109,33,221,21,2014
269,11,Philip Rivers,SDG,33,16,379,570,4286,31,213,36,2014
270,12,Jay Cutler ,CHI,31,15,370,561,3812,28,181,38,2014
271,13,Joe Flacco,BAL,29,16,344,554,3986,27,194,19,2014
272,14,Aaron Rodgers ,GNB,31,16,341,520,4381,38,221,28,2014
273,15,Andy Dalton,CIN,27,16,309,481,3398,19,160,21,2014
274,16,Colin Kaepernick,SFO,27,16,289,478,3369,19,164,52,2014
275,17,Blake Bortles ,JAX,22,13,280,475,2908,11,136,55,2014
276,18,Alex Smith,KAN,30,15,303,464,3265,18,179,45,2014
277,19,Russell Wilson ,SEA,26,16,285,452,3475,20,161,42,2014
278,20,Cam Newton,CAR,25,14,262,448,3127,18,156,38,2014
279,21,Kyle Orton,BUF,32,12,287,447,3018,18,148,33,2014
280,22,Brian Hoyer,CLE,29,13,242,438,3326,12,163,24,2014
281,23,Tony Romo ,DAL,34,15,304,435,3705,34,191,29,2014
282,24,Teddy Bridgewater,MIN,22,12,259,402,2919,14,137,39,2014
283,25,Geno Smith,NYJ,24,13,219,367,2525,13,119,28,2014
284,26,Josh McCown,TAM,35,11,184,327,2206,11,100,36,2014
285,27,Ryan Fitzpatrick,HOU,32,12,197,312,2483,17,120,21,2014
286,28,Nick Foles,PHI,25,8,186,311,2163,13,101,9,2014
287,29,Mark Sanchez,PHI,28,8,198,309,2418,14,119,23,2014
288,30,Austin Davis ,STL,25,8,180,284,2001,12,106,29,2014
289,31,Drew Stanton,ARI,30,8,132,240,1711,7,77,11,2014
290,32,Shaun Hill,STL,34,8,145,229,1657,8,82,18,2014
291,33,Carson Palmer,ARI,35,6,141,224,1626,11,82,9,2014
292,34,Robert Griffin III,WAS,24,7,147,214,1694,4,70,33,2014
293,35,Kirk Cousins ,WAS,26,5,126,204,1710,10,75,8,2014
294,36,Mike Glennon,TAM,25,5,117,203,1417,10,64,16,2014
295,37,Charlie Whitehurst ,TEN,32,5,105,185,1326,7,55,18,2014
296,38,Zach Mettenberger,TEN,23,6,107,179,1412,8,56,18,2014
297,39,Jake Locker,TEN,26,5,86,146,993,5,47,14,2014
298,40,EJ Manuel,BUF,24,4,76,131,838,5,41,6,2014
299,41,Colt McCoy,WAS,28,4,91,128,1057,4,44,17,2014
300,42,Michael Vick,NYJ,34,3,64,121,604,3,33,19,2014
301,43,Derek Anderson ,CAR,31,2,65,97,701,5,44,4,2014
302,45,Chad Henne,JAX,29,3,42,78,492,3,19,16,2014
303,47,Ryan Mallett,HOU,26,2,41,75,400,2,23,1,2014
304,48,Matt Cassel,MIN,32,3,41,71,425,3,21,6,2014
305,49,Jimmy Clausen,CHI,27,1,26,48,223,2,13,3,2014
306,50,Matt Hasselbeck ,IND,39,0,30,44,301,2,17,2,2014
307,51,Christian Ponder,MIN,26,1,22,44,222,0,13,6,2014
308,52,Brandon Weeden,DAL,31,1,24,41,303,3,16,1,2014
309,53,Johnny Manziel,CLE,22,2,18,35,175,0,6,3,2014
310,54,Chase Daniel,KAN,28,1,16,28,157,0,8,4,2014
311,55,Connor Shaw,CLE,23,1,14,28,177,0,10,4,2014
312,56,Jimmy Garoppolo,NWE,23,0,19,27,182,1,8,5,2014
313,57,Jason Campbell,CIN,33,0,11,19,74,0,3,1,2014
314,58,Matt McGloin ,OAK,25,0,12,19,129,1,6,1,2014
315,59,Tom Savage ,HOU,24,0,10,19,127,0,6,1,2014
316,60,Matt Flynn,GNB,29,0,8,16,66,0,3,2,2014
317,61,Brock Osweiler ,DEN,24,0,4,10,52,1,2,0,2014
318,62,Matt Schaub,OAK,33,0,5,10,57,0,4,3,2014
319,63,Logan Thomas,ARI,23,0,1,9,81,1,1,2,2014
320,64,Matt Simms,NYJ,26,0,3,8,39,0,2,0,2014
321,65,Blaine Gabbert,SFO,25,0,3,7,38,1,2,0,2014
322,66,Ryan Nassib,NYG,24,0,4,5,60,0,2,2,2014
323,67,Matt Moore,MIA,30,0,2,4,21,0,2,0,2014
324,68,T.J. Yates,ATL,27,0,3,4,64,0,3,0,2014
325,69,Kellen Clemens,SDG,31,0,1,3,10,0,1,1,2014
326,70,Jordan Palmer,TEN,30,0,1,3,7,0,0,0,2014
327,71,Mohamed Sanu,CIN,25,13,3,3,79,1,3,1,2014
328,72,Antonio Brown ,PIT,26,16,2,2,20,1,2,0,2014
329,73,Johnny Hekker,STL,24,0,2,2,37,0,2,0,2014
330,74,Sam Martin ,DET,24,0,2,2,27,0,1,0,2014
331,75,Cecil Shorts,JAX,27,12,2,2,32,1,2,0,2014
332,76,Bryan Anger,JAX,26,0,1,1,19,0,1,0,2014
333,77,Matt Barkley,PHI,24,0,0,1,0,0,0,0,2014
334,78,Odell Beckham Jr.,NYG,22,11,0,1,0,0,0,0,2014
335,79,Anquan Boldin,SFO,34,16,0,1,0,0,0,0,2014
336,80,Dustin Colquitt,KAN,32,0,1,1,6,0,1,0,2014
337,81,Arian Foster ,HOU,28,13,1,1,5,1,1,0,2014
338,82,Pierre Garcon,WAS,28,14,0,1,0,0,0,0,2014
339,83,Ted Ginn Jr.,ARI,29,0,1,1,10,0,1,0,2014
340,84,Robert Golden,PIT,24,0,1,1,25,0,1,0,2014
341,85,Josh Gordon,CLE,23,5,0,1,0,0,0,0,2014
342,86,Marion Grice,ARI,23,0,0,1,0,0,0,0,2014
343,87,Fred Jackson,BUF,33,9,0,1,0,0,0,0,2014
344,88,Tarvaris Jackson ,SEA,31,0,1,1,0,0,0,0,2014
345,89,Jermaine Kearse,SEA,24,14,1,1,17,0,1,0,2014
346,90,Jeremy Kerley,NYJ,26,7,0,1,0,0,0,0,2014
347,91,Shane Lechler,HOU,38,0,1,1,10,0,1,0,2014
348,92,Andy Lee ,SFO,32,0,0,1,0,0,0,0,2014
349,93,Pat McAfee,IND,27,0,0,1,0,0,0,0,2014
350,94,Darren McFadden,OAK,27,12,0,1,0,0,0,0,2014
351,95,Ryan Quigley,NYJ,24,0,1,1,38,0,1,0,2014
352,96,Bobby Rainey,TAM,27,5,0,1,0,0,0,0,2014
353,97,Denard Robinson,JAX,24,9,0,1,0,0,0,0,2014
354,98,Mike Wallace,MIA,28,16,0,1,0,0,0,0,2014
355,99,Eric Weddle,SDG,29,16,0,1,0,0,0,0,2014
356,100,Brad Wing,PIT,23,0,0,1,0,0,0,0,2014
357,1,Philip Rivers,SDG,34,16,437,661,4792,29,227,40,2015
358,2,Drew Brees,NOR,36,15,428,627,4870,32,228,31,2015
359,3,Tom Brady ,NWE,38,16,402,624,4770,36,229,38,2015
360,4,Eli Manning,NYG,34,16,387,618,4432,35,206,27,2015
361,5,Matt Ryan,ATL,30,16,407,614,4591,21,228,30,2015
362,6,Blake Bortles ,JAX,23,16,355,606,4428,35,220,51,2015
363,7,Matthew Stafford,DET,27,16,398,592,4262,32,224,44,2015
364,8,Ryan Tannehill,MIA,27,16,363,586,4208,24,195,45,2015
365,9,Derek Carr,OAK,24,16,350,573,3987,32,188,31,2015
366,10,Aaron Rodgers ,GNB,32,16,347,572,3821,31,177,46,2015
367,11,Ryan Fitzpatrick,NYJ,33,16,335,562,3905,31,197,19,2015
368,12,Kirk Cousins ,WAS,27,16,379,543,4166,29,205,26,2015
369,13,Carson Palmer,ARI,36,16,342,537,4671,35,231,25,2015
370,14,Jameis Winston,TAM,21,16,312,535,4042,22,201,27,2015
371,15,Sam Bradford ,PHI,28,14,346,532,3725,19,170,28,2015
372,16,Cam Newton,CAR,26,16,296,495,3837,35,195,33,2015
373,17,Jay Cutler ,CHI,32,15,311,483,3659,21,173,29,2015
374,18,Russell Wilson ,SEA,27,16,329,483,4024,34,190,45,2015
375,19,Alex Smith,KAN,31,16,307,470,3486,20,155,45,2015
376,20,Ben Roethlisberger,PIT,33,11,319,469,3938,21,175,20,2015
377,21,Teddy Bridgewater,MIN,23,16,292,447,3231,14,153,44,2015
378,22,Joe Flacco,BAL,30,10,266,413,2791,14,125,16,2015
379,23,Andy Dalton,CIN,28,13,255,386,3250,25,148,20,2015
380,24,Tyrod Taylor ,BUF,26,14,242,380,3035,20,129,36,2015
381,25,Marcus Mariota,TEN,22,12,230,370,2818,19,142,38,2015
382,26,Brian Hoyer,HOU,30,9,224,369,2606,19,130,25,2015
383,27,Nick Foles,STL,26,11,190,337,2052,7,85,14,2015
384,28,Peyton Manning,DEN,39,9,198,331,2249,9,110,16,2015
385,29,Andrew Luck ,IND,26,7,162,293,1881,15,92,15,2015
386,30,Josh McCown,CLE,36,8,186,292,2109,12,96,23,2015
387,31,Blaine Gabbert,SFO,26,8,178,282,2031,10,85,25,2015
388,32,Brock Osweiler ,DEN,25,7,170,275,1967,10,92,23,2015
389,33,Matt Hasselbeck ,IND,40,8,156,256,1690,9,87,16,2015
390,34,Colin Kaepernick,SFO,28,8,144,244,1615,6,73,28,2015
391,36,Johnny Manziel,CLE,23,6,129,223,1500,7,72,19,2015
392,38,Zach Mettenberger,TEN,24,4,101,166,935,4,46,13,2015
393,41,Case Keenum,STL,27,5,76,125,828,4,42,4,2015
394,42,Tony Romo ,DAL,35,4,83,121,884,5,47,6,2015
395,43,A.J. McCarron,CIN,25,3,79,119,854,6,46,12,2015
396,44,Kellen Moore,DAL,26,2,61,104,779,4,40,5,2015
397,45,Austin Davis ,CLE,26,2,56,94,547,1,25,11,2015
398,46,Mark Sanchez,PHI,29,2,59,91,616,4,30,9,2015
399,47,EJ Manuel,BUF,25,2,52,84,561,3,26,6,2015
400,48,Matt Schaub,BAL,34,2,52,80,540,3,28,3,2015
401,49,Michael Vick,PIT,35,3,40,66,371,2,14,10,2015
402,50,T.J. Yates,HOU,28,2,28,57,370,3,19,5,2015
403,51,Landry Jones,PIT,26,2,32,55,513,3,19,2,2015
404,52,Geno Smith,NYJ,25,0,27,42,265,2,14,3,2015
405,53,Dan Orlovsky,DET,32,0,22,40,201,1,13,0,2015
406,54,Luke McCown,NOR,34,1,32,39,335,0,19,1,2015
407,55,Matt McGloin ,OAK,26,0,23,32,142,2,10,2,2015
408,57,Josh Freeman ,IND,27,1,15,28,149,1,7,1,2015
409,58,Drew Stanton,ARI,31,0,11,25,104,0,6,2,2015
410,59,Alex Tanney,TEN,28,0,10,14,99,1,7,3,2015
411,60,Colt McCoy,WAS,29,0,7,11,128,1,4,1,2015
412,61,Ryan Lindley,IND,26,0,6,10,58,1,4,0,2015
413,62,Shaun Hill,MIN,35,0,2,7,15,0,0,1,2015
414,63,Sean Mannion,STL,23,0,6,7,31,0,2,0,2015
415,64,Sean Renfree ,ATL,25,0,3,7,11,0,1,2,2015
416,65,Derek Anderson ,CAR,32,0,4,6,36,0,2,0,2015
417,66,Kellen Clemens,SDG,32,0,5,6,63,1,4,0,2015
418,67,Tarvaris Jackson ,SEA,32,0,4,6,37,0,3,1,2015
419,68,Ryan Nassib,NYG,25,0,5,5,68,1,4,0,2015
420,69,Jimmy Garoppolo,NWE,24,0,1,4,6,0,0,0,2015
421,70,Johnny Hekker,STL,25,0,1,4,20,0,1,0,2015
422,71,Chase Daniel,KAN,29,0,2,2,4,0,1,0,2015
423,73,Danny Amendola,NWE,30,7,1,1,36,0,1,0,2015
424,74,Antonio Andrews,TEN,23,10,1,1,41,1,1,0,2015
425,76,Jamison Crowder,WAS,22,6,0,1,0,0,0,0,2015
426,77,Jonathan Grimes,HOU,26,0,0,1,0,0,0,0,2015
427,78,Chris Hogan ,BUF,28,4,1,1,4,0,0,0,2015
428,79,Sam Koch,BAL,33,0,1,1,-3,0,0,0,2015
429,80,Jarvis Landry,MIA,23,14,1,1,9,0,1,0,2015
430,81,Darren McFadden,DAL,28,10,0,1,0,0,0,0,2015
431,82,Matt Moore,MIA,31,0,1,1,14,0,1,0,2015
432,83,Cairo Santos,KAN,24,0,1,1,3,0,0,0,2015
433,84,Cecil Shorts,HOU,28,4,1,1,21,1,0,0,2015
434,85,Scott Tolzien,GNB,28,0,1,1,4,0,0,1,2015
435,86,Bryan Walters,JAX,28,1,0,1,0,0,0,0,2015
436,1,Drew Brees,NOR,37,16,471,673,5208,37,265,27,2016
437,2,Joe Flacco,BAL,31,16,436,672,4317,20,204,33,2016
438,3,Blake Bortles ,JAX,24,16,368,625,3905,23,207,34,2016
439,4,Aaron Rodgers ,GNB,33,16,401,610,4428,40,226,35,2016
440,5,Carson Wentz ,PHI,24,16,379,607,3782,16,192,33,2016
441,6,Kirk Cousins ,WAS,28,16,406,606,4917,25,227,23,2016
442,7,Eli Manning,NYG,35,16,377,598,4027,26,191,21,2016
443,8,Carson Palmer,ARI,37,15,364,597,4233,26,220,40,2016
444,9,Matthew Stafford,DET,28,16,388,594,4327,24,218,37,2016
445,10,Philip Rivers,SDG,35,16,349,578,4386,33,215,36,2016
446,11,Jameis Winston,TAM,22,16,345,567,4090,28,216,35,2016
447,12,Andy Dalton,CIN,29,16,364,563,4206,18,206,41,2016
448,13,Derek Carr,OAK,25,15,357,560,3937,28,191,16,2016
449,14,Sam Bradford ,MIN,29,15,395,552,3877,20,199,37,2016
450,15,Russell Wilson ,SEA,28,16,353,546,4219,21,193,41,2016
451,16,Andrew Luck ,IND,27,15,346,545,4240,31,206,41,2016
452,17,Matt Ryan,ATL,31,16,373,534,4944,38,240,37,2016
453,18,Cam Newton,CAR,27,14,270,510,3509,19,173,36,2016
454,19,Brock Osweiler ,HOU,26,14,301,510,2957,15,154,27,2016
455,20,Ben Roethlisberger,PIT,34,14,328,509,3819,29,184,17,2016
456,21,Alex Smith,KAN,32,15,328,489,3502,15,182,28,2016
457,22,Trevor Siemian ,DEN,25,14,289,486,3401,18,155,31,2016
458,23,Dak Prescott ,DAL,23,16,311,459,3667,23,185,25,2016
459,24,Marcus Mariota,TEN,23,15,276,451,3426,26,157,23,2016
460,25,Tyrod Taylor ,BUF,27,15,269,436,3023,17,148,42,2016
461,26,Tom Brady ,NWE,39,12,291,432,3554,28,165,15,2016
462,27,Ryan Fitzpatrick,NYJ,34,11,228,403,2710,12,130,19,2016
463,28,Ryan Tannehill,MIA,28,13,261,389,2995,19,134,29,2016
464,29,Colin Kaepernick,SFO,29,11,196,331,2241,16,101,36,2016
465,30,Case Keenum,LAR,28,9,196,322,2201,9,103,23,2016
466,31,Matt Barkley,CHI,26,6,129,216,1611,8,90,6,2016
467,32,Jared Goff,LAR,22,7,112,205,1089,5,48,26,2016
468,33,Brian Hoyer,CHI,31,5,134,200,1445,6,75,4,2016
469,34,Cody Kessler,CLE,23,8,128,195,1380,6,69,21,2016
470,35,Josh McCown,CLE,37,3,90,165,1100,6,56,18,2016
471,36,Blaine Gabbert,SFO,27,5,91,160,925,5,50,11,2016
472,37,Robert Griffin III,CLE,26,5,87,147,886,2,43,22,2016
473,38,Jay Cutler ,CHI,33,5,81,137,1059,4,45,17,2016
474,39,Bryce Petty,NYJ,25,4,75,133,809,3,35,13,2016
475,40,Matt Moore,MIA,32,3,55,87,721,8,35,1,2016
476,41,Landry Jones,PIT,27,2,53,86,558,4,27,4,2016
477,42,Paxton Lynch ,DEN,22,2,49,83,497,2,25,9,2016
478,43,Tom Savage ,HOU,26,2,46,73,461,0,20,5,2016
479,44,Jimmy Garoppolo,NWE,25,2,43,63,502,4,22,3,2016
480,45,Jacoby Brissett,NWE,24,2,34,55,400,0,18,6,2016
481,46,Nick Foles,KAN,27,1,36,55,410,3,15,4,2016
482,47,Derek Anderson ,CAR,33,2,36,53,453,2,22,0,2016
483,48,Matt Cassel,TEN,34,1,30,51,284,2,16,5,2016
484,49,Drew Stanton,ARI,32,1,19,48,192,2,11,1,2016
485,50,Scott Tolzien,IND,29,1,23,37,216,1,13,3,2016
486,51,Shaun Hill,MIN,36,1,19,35,242,0,12,1,2016
487,52,Kevin Hogan ,CLE,24,0,14,26,104,0,6,2,2016
488,53,EJ Manuel,BUF,26,1,11,26,131,0,6,3,2016
489,54,Charlie Whitehurst ,CLE,34,0,14,24,182,1,8,2,2016
490,55,Connor Cook,OAK,23,0,14,21,150,1,6,2,2016
491,56,Trevone Boykin,SEA,23,0,13,18,145,1,8,1,2016
492,57,Mark Sanchez,DAL,30,0,10,18,93,0,5,3,2016
493,58,Matt McGloin ,OAK,27,1,8,15,50,0,3,0,2016
494,59,Geno Smith,NYJ,26,1,8,14,126,1,3,3,2016
495,60,Mike Glennon,TAM,27,0,10,11,75,1,6,0,2016
496,61,Cardale Jones,BUF,24,0,6,11,96,0,2,1,2016
497,62,Brett Hundley,GNB,23,0,2,10,17,0,0,0,2016
498,63,Terrelle Pryor,CLE,27,15,5,9,41,0,1,1,2016
499,64,Ryan Mallett,BAL,28,0,3,6,26,0,1,0,2016
500,65,Sean Mannion,LAR,24,0,3,6,19,0,1,0,2016
501,66,David Fales,CHI,26,0,2,5,22,0,2,1,2016
502,67,Tony Romo ,DAL,36,0,3,4,29,1,3,0,2016
503,68,Matt Schaub,ATL,35,0,1,3,16,0,1,0,2016
504,69,Johnny Hekker,LAR,26,0,1,2,4,0,1,0,2016
505,70,DeMarco Murray,TEN,28,16,1,2,10,1,1,0,2016
506,71,Doug Baldwin ,SEA,28,15,1,1,15,1,1,0,2016
507,72,Cole Beasley,DAL,27,6,0,1,0,0,0,0,2016
508,73,Le'Veon Bell,PIT,24,12,0,1,0,0,0,0,2016
509,74,Travis Benjamin,SDG,27,8,0,1,0,0,0,0,2016
510,75,Dez Bryant,DAL,28,13,1,1,10,1,1,0,2016
511,76,Kellen Clemens,SDG,33,0,0,1,0,0,0,0,2016
512,77,Pharoh Cooper,LAR,21,3,0,1,0,0,0,0,2016
513,78,Chase Daniel,PHI,30,0,1,1,16,0,1,0,2016
514,79,Riley Dixon,DEN,23,0,1,1,16,0,1,0,2016
515,80,Larry Fitzgerald,ARI,33,16,0,1,0,0,0,0,2016
516,82,Duke Johnson,CLE,23,1,0,1,0,0,0,0,2016
517,83,Jarvis Landry,MIA,24,16,0,1,0,0,0,0,2016
518,84,Marqise Lee ,JAX,25,6,1,1,20,1,1,0,2016
519,85,Jeremy Maclin,KAN,28,12,0,1,0,0,0,0,2016
520,86,Pat McAfee,IND,29,0,1,1,35,0,1,0,2016
521,87,Tanner McEvoy,SEA,23,0,1,1,43,0,1,0,2016
522,88,Jerick McKinnon ,MIN,24,7,0,1,0,0,0,0,2016
523,89,Cameron Meredith,CHI,24,10,1,1,2,1,1,0,2016
524,90,Antonio Morrison ,IND,22,4,0,1,0,0,0,0,2016
525,91,Dontari Poe,KAN,26,16,1,1,2,1,1,0,2016
526,92,Jon Ryan,SEA,35,0,0,1,0,0,0,0,2016
527,93,Willie Snead ,NOR,24,4,1,1,50,1,1,0,2016
528,94,Justin Tucker,BAL,27,0,0,1,0,0,0,0,2016
529,95,Tress Way,WAS,26,0,1,1,31,0,1,0,2016
530,96,Jonathan Williams,BUF,22,0,0,1,0,0,0,0,2016
531,1,Tom Brady ,NWE,40,16,385,581,4577,32,230,35,2017
532,2,Philip Rivers,LAC,36,16,360,575,4515,28,217,18,2017
533,3,Eli Manning,NYG,36,15,352,571,3468,19,172,31,2017
534,4,Matthew Stafford,DET,29,16,371,565,4446,29,210,47,2017
535,5,Ben Roethlisberger,PIT,35,15,360,561,4251,28,204,21,2017
536,6,Russell Wilson ,SEA,29,16,339,553,3983,34,189,43,2017
537,7,Joe Flacco,BAL,32,16,352,549,3141,18,163,27,2017
538,8,Kirk Cousins ,WAS,29,16,347,540,4093,27,194,41,2017
539,9,Drew Brees,NOR,38,16,386,536,4334,23,203,20,2017
540,10,Matt Ryan,ATL,32,16,342,529,4095,20,199,24,2017
541,11,Blake Bortles ,JAX,25,16,315,523,3687,21,195,24,2017
542,12,Derek Carr,OAK,26,15,323,515,3496,22,168,20,2017
543,13,Alex Smith,KAN,33,15,341,505,4042,26,182,35,2017
544,14,Andy Dalton,CIN,30,16,297,496,3320,25,163,39,2017
545,15,Cam Newton,CAR,28,16,291,492,3302,22,167,35,2017
546,16,Dak Prescott ,DAL,24,16,308,490,3324,22,162,32,2017
547,17,Case Keenum,MIN,29,14,325,481,3547,22,180,22,2017
548,18,Jared Goff,LAR,23,15,296,477,3804,28,177,25,2017
549,19,DeShone Kizer ,CLE,21,15,255,476,2894,11,131,38,2017
550,20,Jacoby Brissett,IND,25,15,276,469,3098,13,146,52,2017
551,21,Marcus Mariota,TEN,24,15,281,453,3232,13,149,27,2017
552,22,Jameis Winston,TAM,23,13,282,442,3504,19,185,33,2017
553,23,Carson Wentz ,PHI,25,13,265,440,3296,33,161,28,2017
554,24,Jay Cutler ,MIA,34,14,266,429,2666,19,138,20,2017
555,25,Tyrod Taylor ,BUF,28,14,263,420,2799,14,133,46,2017
556,26,Josh McCown,NYJ,38,13,267,397,2926,18,137,39,2017
557,27,Trevor Siemian ,DEN,26,10,206,349,2285,12,112,33,2017
558,28,Mitchell Trubisky ,CHI,23,12,196,330,2193,7,100,31,2017
559,29,Brett Hundley,GNB,24,9,192,316,1836,9,90,29,2017
560,30,Carson Palmer,ARI,38,7,164,267,1978,9,95,22,2017
561,31,Aaron Rodgers ,GNB,34,7,154,238,1675,16,86,22,2017
562,32,C.J. Beathard,SFO,24,5,123,224,1430,4,67,19,2017
563,33,Tom Savage ,HOU,27,7,125,223,1412,5,70,21,2017
564,35,Deshaun Watson ,HOU,22,6,126,204,1699,19,85,19,2017
565,36,Jimmy Garoppolo,SFO,26,5,120,178,1560,7,81,8,2017
566,37,Brock Osweiler ,DEN,27,4,96,172,1088,5,53,10,2017
567,38,Blaine Gabbert,ARI,28,5,95,171,1086,6,55,23,2017
568,39,Ryan Fitzpatrick,TAM,35,3,96,163,1103,7,64,7,2017
569,40,Drew Stanton,ARI,33,4,79,159,894,6,49,7,2017
570,41,Mike Glennon,CHI,28,4,93,140,833,4,42,8,2017
571,42,Matt Moore,MIA,33,2,78,127,861,4,40,12,2017
572,43,Bryce Petty,NYJ,26,3,55,112,544,1,25,8,2017
573,44,Nick Foles,PHI,28,3,57,101,537,5,29,5,2017
574,45,T.J. Yates,HOU,30,3,47,97,523,4,27,13,2017
575,46,Kevin Hogan ,CLE,25,1,46,75,517,4,21,6,2017
576,47,Nathan Peterman ,BUF,23,2,24,49,252,2,15,1,2017
577,48,Paxton Lynch ,DEN,23,2,30,45,295,2,15,9,2017
578,49,Sam Bradford ,MIN,30,2,32,43,382,3,17,5,2017
579,50,David Fales,MIA,27,0,29,43,265,1,15,1,2017
580,51,EJ Manuel,OAK,27,1,24,43,265,1,13,4,2017
581,52,Matt Cassel,TEN,35,1,25,42,162,1,10,8,2017
582,53,Sean Mannion,LAR,25,1,22,37,185,0,8,3,2017
583,54,Geno Smith,NYG,27,1,21,36,212,1,8,3,2017
584,55,Patrick Mahomes ,KAN,22,1,22,35,284,0,15,2,2017
585,56,Landry Jones,PIT,28,1,23,28,239,1,9,3,2017
586,57,Cody Kessler,CLE,24,0,11,23,126,0,6,6,2017
587,58,Nate Sudfeld,PHI,24,0,19,23,134,0,5,3,2017
588,59,Scott Tolzien,IND,30,1,9,18,128,0,5,4,2017
589,60,Ryan Mallett,BAL,29,0,9,16,56,2,5,0,2017
590,61,A.J. McCarron,CIN,27,0,7,14,66,0,4,1,2017
591,62,Derek Anderson ,CAR,34,0,2,8,17,0,1,0,2017
592,63,Kellen Clemens,LAC,34,0,6,8,36,0,4,0,2017
593,64,Joe Callahan,GNB,24,0,5,7,11,0,1,0,2017
594,65,Joe Webb,BUF,31,0,2,7,35,0,1,0,2017
595,66,Jake Rudock,DET,24,0,3,5,24,0,1,0,2017
596,67,Johnny Hekker,LAR,27,0,2,3,34,0,1,0,2017
597,68,Cooper Rush,DAL,24,0,1,3,2,0,0,0,2017
598,69,Teddy Bridgewater,MIN,25,0,0,2,0,0,0,0,2017
599,70,Tarik Cohen,CHI,22,4,1,2,21,1,1,0,2017
600,71,Chad Henne,JAX,32,0,0,2,0,0,0,0,2017
601,72,Sam Koch,BAL,35,0,2,2,38,0,2,0,2017
602,73,Tyler Bray,KAN,26,0,0,1,0,0,0,0,2017
603,74,Randall Cobb,GNB,27,14,1,1,10,0,1,0,2017
604,75,Eric Decker,TEN,30,8,0,1,0,0,0,0,2017
605,76,Lac Edwards,NYJ,25,0,1,1,31,0,1,0,2017
606,77,Larry Fitzgerald,ARI,34,16,1,1,21,0,1,0,2017
607,78,Robert Golden,PIT,27,2,1,1,44,0,1,0,2017
608,79,MarQueis Gray,MIA,28,0,0,1,0,0,0,0,2017
609,80,Matt Haack,MIA,23,0,0,1,0,0,0,0,2017
610,81,Taylor Heinicke,HOU,24,0,1,1,10,0,1,1,2017
611,82,Tyreek Hill,KAN,23,13,0,1,0,0,0,0,2017
612,83,Travis Kelce,KAN,28,15,0,1,0,0,0,0,2017
613,84,Cooper Kupp,LAR,24,6,0,1,0,0,0,0,2017
614,85,Jarvis Landry,MIA,25,16,0,1,0,0,0,0,2017
615,86,Marqise Lee ,JAX,26,14,0,1,0,0,0,0,2017
616,87,Tanner McEvoy,SEA,24,0,0,1,0,0,0,0,2017
617,88,Brad Nortman,JAX,28,0,1,1,29,0,1,0,2017
618,89,Pat O'Donnell,CHI,26,0,1,1,38,1,1,0,2017
619,90,Michael Palardy,CAR,25,0,0,1,0,0,0,0,2017
620,91,Ryan Quigley,MIN,27,0,0,1,0,0,0,0,2017
621,92,Jon Ryan,SEA,36,0,1,1,-4,0,0,0,2017
622,93,Mohamed Sanu,ATL,28,15,1,1,51,1,1,0,2017
623,94,Shane Vereen,NYG,28,0,0,1,0,0,0,0,2017
624,1,Ben Roethlisberger,PIT,36,16,452,675,5129,34,248,24,2018
625,2,Andrew Luck ,IND,29,16,430,639,4593,39,260,18,2018
626,3,Matt Ryan,ATL,33,16,422,608,4924,35,236,42,2018
627,4,Kirk Cousins ,MIN,30,16,425,606,4298,30,218,40,2018
628,5,Aaron Rodgers ,GNB,35,16,372,597,4442,25,200,49,2018
629,6,Case Keenum,DEN,30,16,365,586,3890,18,179,34,2018
630,7,Patrick Mahomes ,KAN,23,16,383,580,5097,50,262,26,2018
631,8,Eli Manning,NYG,37,16,380,576,4299,21,205,47,2018
632,9,Tom Brady ,NWE,41,16,375,570,4355,29,255,21,2018
633,10,Jared Goff,LAR,24,16,364,561,4688,32,268,33,2018
634,11,Matthew Stafford,DET,30,16,367,555,3777,21,197,40,2018
635,12,Derek Carr,OAK,27,16,381,553,4049,19,197,51,2018
636,13,Dak Prescott ,DAL,25,16,356,526,3885,22,206,56,2018
637,14,Philip Rivers,LAC,37,16,347,508,4308,32,235,32,2018
638,15,Deshaun Watson ,HOU,23,16,345,505,4165,26,215,62,2018
639,16,Drew Brees,NOR,39,15,364,489,3992,32,223,17,2018
640,17,Baker Mayfield,CLE,23,13,310,486,3725,27,171,25,2018
641,18,Cam Newton,CAR,29,14,320,471,3395,24,180,29,2018
642,19,Mitchell Trubisky ,CHI,24,14,289,434,3223,24,163,24,2018
643,20,Russell Wilson ,SEA,30,16,280,427,3448,35,162,51,2018
644,21,Sam Darnold ,NYJ,21,13,239,414,2865,17,130,30,2018
645,22,Blake Bortles ,JAX,26,12,243,403,2718,13,126,31,2018
646,23,Carson Wentz ,PHI,26,11,279,401,3074,21,159,31,2018
647,24,Josh Rosen,ARI,21,13,217,393,2278,11,112,45,2018
648,25,Joe Flacco,BAL,33,9,232,379,2465,12,119,16,2018
649,26,Jameis Winston,TAM,24,9,244,378,2992,19,152,27,2018
650,27,Andy Dalton,CIN,31,11,226,365,2566,21,132,21,2018
651,28,Marcus Mariota,TEN,25,13,228,331,2528,11,121,42,2018
652,29,Alex Smith,WAS,34,10,205,328,2180,10,106,22,2018
653,30,Josh Allen ,BUF,22,11,169,320,2074,10,89,28,2018
654,31,Nick Mullens ,SFO,23,8,176,274,2277,13,106,17,2018
655,32,Ryan Tannehill,MIA,30,11,176,274,1979,17,92,35,2018
656,33,Ryan Fitzpatrick,TAM,36,7,164,246,2366,17,113,14,2018
657,34,Nick Foles,PHI,29,5,141,195,1413,7,87,9,2018
658,35,Brock Osweiler ,MIA,28,5,113,178,1247,6,58,17,2018
659,36,Jeff Driskel,CIN,25,5,105,176,1003,6,50,16,2018
660,37,Lamar Jackson,BAL,21,7,99,170,1201,6,67,16,2018
661,38,C.J. Beathard,SFO,25,5,102,169,1252,8,60,18,2018
662,39,Cody Kessler,JAX,25,4,85,131,709,2,35,22,2018
663,40,Josh McCown,NYJ,39,3,60,110,539,1,27,7,2018
664,41,Blaine Gabbert,TEN,29,3,61,101,626,4,32,5,2018
665,42,Josh Johnson,WAS,32,3,52,91,590,3,29,9,2018
666,43,Jimmy Garoppolo,SFO,27,3,53,89,718,5,35,13,2018
667,44,Tyrod Taylor ,CLE,29,3,42,85,473,2,17,13,2018
668,45,Nathan Peterman ,BUF,24,2,44,81,296,1,13,7,2018
669,46,Sam Bradford ,ARI,31,3,50,80,400,2,16,6,2018
670,47,Chase Daniel,CHI,32,2,53,76,515,3,23,9,2018
671,48,Derek Anderson ,BUF,35,2,42,70,465,0,22,5,2018
672,49,Taylor Heinicke,CAR,25,1,35,57,320,1,19,2,2018
673,50,Colt McCoy,WAS,32,2,34,54,372,3,17,6,2018
674,51,DeShone Kizer ,GNB,22,0,20,42,187,0,8,4,2018
675,52,Mark Sanchez,WAS,32,1,19,35,138,0,3,7,2018
676,53,Kyle Allen,CAR,22,1,20,31,266,2,11,0,2018
677,54,Matt Barkley,BUF,28,1,15,25,232,2,12,1,2018
678,55,Teddy Bridgewater,NOR,26,1,14,23,118,1,8,2,2018
679,56,Mike Glennon,ARI,29,0,15,21,174,1,8,1,2018
680,57,Matt Cassel,DET,36,0,7,17,59,0,2,1,2018
681,58,Joshua Dobbs ,PIT,23,0,6,12,43,0,2,0,2018
682,59,Taysom Hill,NOR,28,4,3,7,64,0,3,1,2018
683,60,Matt Schaub,ATL,37,0,5,7,20,0,1,0,2018
684,61,Robert Griffin III,BAL,28,0,2,6,21,0,1,0,2018
685,62,Kyle Lauletta,NYG,23,0,0,5,0,0,0,0,2018
686,63,Jacoby Brissett,IND,26,0,2,4,2,0,1,0,2018
687,64,Johnny Hekker,LAR,28,0,2,4,19,0,3,0,2018
688,65,Geno Smith,LAC,28,0,1,4,8,0,0,1,2018
689,66,Garrett Gilbert,CAR,27,0,2,3,40,0,1,1,2018
690,67,Chad Henne,KAN,33,0,2,3,29,0,2,0,2018
691,68,Derrick Henry ,TEN,24,12,2,3,14,0,1,0,2018
692,69,Sean Mannion,LAR,26,0,2,3,23,0,1,0,2018
693,70,A.J. McCarron,OAK,28,0,1,3,8,0,0,1,2018
694,71,Odell Beckham Jr.,NYG,26,12,2,2,106,2,2,0,2018
695,72,Julian Edelman,NWE,32,12,2,2,43,0,1,0,2018
696,73,Brian Hoyer,NWE,33,0,1,2,7,0,0,0,2018
697,74,Jarvis Landry,CLE,26,14,1,2,63,0,1,0,2018
698,75,Mohamed Sanu,ATL,29,16,1,2,5,1,1,0,2018
699,76,Nate Sudfeld,PHI,25,0,1,2,22,1,1,0,2018
700,77,Nelson Agholor,PHI,25,16,1,1,15,0,1,0,2018
701,78,Danny Amendola,MIA,33,15,1,1,28,1,1,0,2018
702,79,Bryan Anger,TAM,30,0,0,1,0,0,0,0,2018
703,80,Cole Beasley,DAL,29,4,0,1,0,0,0,0,2018
704,81,Corey Bojorquez,BUF,22,0,0,1,0,0,0,0,2018
705,82,Chris Boswell,PIT,27,0,1,1,2,1,1,0,2018
706,83,Tyler Boyd,CIN,24,14,0,1,0,0,0,0,2018
707,84,Antonio Brown ,PIT,30,15,0,1,0,0,0,0,2018
708,85,Kevin Byard ,TEN,25,16,1,1,66,1,1,0,2018
709,86,Tarik Cohen,CHI,23,7,1,1,1,1,1,0,2018
710,87,Logan Cooke,JAX,23,0,1,1,4,0,1,0,2018
711,88,Eric Ebron,IND,25,8,0,1,0,0,0,0,2018
712,90,Larry Fitzgerald,ARI,35,16,1,1,32,1,1,0,2018
713,91,Dontrell Hilliard,CLE,23,0,0,1,0,0,0,0,2018
714,92,DeAndre Hopkins,HOU,26,16,0,1,0,0,0,0,2018
715,93,Darius Jennings,TEN,26,0,1,1,21,0,1,0,2018
716,94,Zay Jones ,BUF,23,15,0,1,0,0,0,0,2018
717,95,Sam Koch,BAL,36,0,1,1,21,0,1,0,2018
718,96,Christian McCaffrey ,CAR,22,16,1,1,50,1,1,0,2018
719,97,Anthony Miller,CHI,24,4,1,1,8,0,1,0,2018
720,98,Matt Prater,DET,34,0,1,1,8,1,1,0,2018
721,99,Emmanuel Sanders ,DEN,31,12,1,1,28,1,1,0,2018
722,100,JK Scott,GNB,22,0,0,1,0,0,0,0,2018
723,101,Kenny Stills,MIA,26,15,1,1,3,1,1,0,2018
724,102,Logan Thomas,BUF,27,3,1,1,15,0,1,0,2018
725,103,Colby Wadman,DEN,23,0,1,1,12,0,1,0,2018
726,104,Tress Way,WAS,28,0,1,1,7,0,1,0,2018
727,105,Dede Westbrook,JAX,25,9,0,1,0,0,0,0,2018
728,106,Albert Wilson,MIA,26,3,1,1,52,1,1,0,2018
729,1,Jared Goff,LAR,25,16,394,626,4638,22,220,22,2019
730,2,Jameis Winston,TAM,25,16,380,626,5109,33,243,47,2019
731,3,Matt Ryan,ATL,34,15,408,616,4466,26,228,48,2019
732,4,Tom Brady ,NWE,42,16,373,613,4057,24,193,27,2019
733,5,Carson Wentz ,PHI,27,16,388,607,4039,27,213,37,2019
734,6,Dak Prescott ,DAL,26,16,388,596,4902,30,229,23,2019
735,7,Philip Rivers,LAC,38,16,390,591,4615,23,217,34,2019
736,8,Aaron Rodgers ,GNB,36,16,353,569,4002,26,189,36,2019
737,9,Kyler Murray ,ARI,22,16,349,542,3722,20,173,48,2019
738,10,Baker Mayfield,CLE,24,16,317,534,3827,22,179,40,2019
739,11,Andy Dalton,CIN,32,13,314,528,3494,16,170,37,2019
740,12,Mitchell Trubisky ,CHI,25,15,326,516,3138,17,156,38,2019
741,13,Russell Wilson ,SEA,31,16,341,516,4110,31,190,48,2019
742,14,Derek Carr,OAK,28,16,361,513,4054,21,191,29,2019
743,15,Ryan Fitzpatrick,MIA,37,13,311,502,3529,20,182,40,2019
744,16,Deshaun Watson ,HOU,24,15,333,495,3852,26,191,44,2019
745,17,Kyle Allen,CAR,23,12,303,489,3322,17,188,46,2019
746,18,Patrick Mahomes ,KAN,24,14,319,484,4031,26,176,17,2019
747,19,Jimmy Garoppolo,SFO,28,16,329,476,3978,27,193,36,2019
748,20,Gardner Minshew II,JAX,23,12,285,470,3271,21,150,33,2019
749,21,Josh Allen ,BUF,23,16,271,461,3089,20,146,38,2019
750,22,Daniel Jones ,NYG,22,12,284,459,3027,24,140,38,2019
751,23,Jacoby Brissett,IND,27,15,272,447,2942,18,143,27,2019
752,24,Kirk Cousins ,MIN,31,15,307,444,3603,26,165,28,2019
753,25,Sam Darnold ,NYJ,22,13,273,441,3024,19,147,33,2019
754,26,Lamar Jackson,BAL,22,15,265,401,3127,36,161,23,2019
755,27,Drew Brees,NOR,40,11,281,378,2979,27,159,12,2019
756,28,Matthew Stafford,DET,31,8,187,291,2499,19,117,18,2019
757,29,Ryan Tannehill,TEN,31,10,201,286,2742,22,126,31,2019
758,30,Mason Rudolph,PIT,24,8,176,283,1765,13,80,15,2019
759,31,Joe Flacco,DEN,34,8,171,262,1822,6,86,26,2019
760,32,Case Keenum,WAS,31,8,160,247,1707,11,83,15,2019
761,33,Dwayne Haskins ,WAS,22,7,119,203,1365,7,65,29,2019
762,34,Teddy Bridgewater,NOR,27,5,133,196,1384,9,67,12,2019
763,35,David Blough,DET,24,5,94,174,984,4,47,14,2019
764,36,Devlin Hodges ,PIT,23,6,100,160,1063,5,51,15,2019
765,37,Marcus Mariota,TEN,26,6,95,160,1203,7,50,25,2019
766,38,Drew Lock,DEN,23,5,100,156,1020,7,54,5,2019
767,39,Eli Manning,NYG,38,4,91,147,1042,6,47,5,2019
768,40,Nick Foles,JAX,30,4,77,117,736,3,31,8,2019
769,41,Josh Rosen,MIA,22,3,58,109,567,1,26,16,2019
770,42,Jeff Driskel,DET,26,3,62,105,685,4,31,11,2019
771,43,Matt Moore,KAN,35,2,59,91,659,4,35,8,2019
772,44,Cam Newton,CAR,30,2,50,89,572,0,29,6,2019
773,45,Ryan Finley,CIN,25,3,41,87,474,2,20,11,2019
774,46,Brandon Allen,DEN,27,3,39,84,515,3,20,9,2019
775,47,Luke Falk,NYJ,25,2,47,73,416,0,15,16,2019
776,48,Matt Schaub,ATL,38,1,50,67,580,3,30,2,2019
777,49,Brian Hoyer,IND,34,1,35,65,372,4,22,5,2019
778,50,Chase Daniel,CHI,33,1,45,64,435,3,22,7,2019
779,51,Ben Roethlisberger,PIT,37,2,35,62,351,0,14,2,2019
780,52,Will Grier,CAR,24,2,28,52,228,0,12,6,2019
781,53,Matt Barkley,BUF,29,0,27,51,359,0,15,2,2019
782,54,Robert Griffin III,BAL,29,1,23,38,225,1,10,5,2019
783,55,A.J. McCarron,HOU,29,1,21,37,225,0,11,5,2019
784,56,Colt McCoy,WAS,33,1,18,27,122,0,5,6,2019
785,57,Sean Mannion,MIN,27,1,12,21,126,0,6,0,2019
786,58,Brett Hundley,ARI,26,0,5,11,49,0,2,2,2019
787,59,Mike Glennon,OAK,30,0,6,10,56,1,3,0,2019
788,60,Taysom Hill,NOR,29,5,3,6,55,0,3,1,2019
789,61,Trevor Siemian ,NYJ,28,1,3,6,3,0,0,2,2019
790,62,Tyrod Taylor ,LAC,30,0,4,6,33,1,3,0,2019
791,63,Josh McCown,PHI,40,0,3,5,24,0,2,0,2019
792,64,Jaylen Samuels,PIT,23,4,4,5,35,0,2,0,2019
793,65,Tim Boyle,GNB,25,0,3,4,15,0,1,0,2019
794,66,Ryan Griffin,TAM,30,0,2,4,18,0,1,0,2019
795,67,Jarrett Stidham,NWE,23,0,2,4,14,0,1,1,2019
796,68,Garrett Gilbert,CLE,28,0,0,3,0,0,0,0,2019
797,69,Johnny Hekker,LAR,29,0,2,3,28,0,2,0,2019
798,70,Odell Beckham Jr.,CLE,27,15,1,2,20,0,1,0,2019
799,71,Blake Bortles ,LAR,27,0,1,2,3,0,0,0,2019
800,72,Logan Cooke,JAX,24,0,2,2,16,0,2,1,2019
801,73,Julian Edelman,NWE,33,13,2,2,47,1,2,0,2019
802,74,Matt Haack,MIA,25,0,1,2,1,1,1,0,2019
803,75,DeAndre Hopkins,HOU,27,15,1,2,6,1,1,0,2019
804,76,Brett Kern,TEN,33,0,1,2,11,0,1,0,2019
805,77,Christian McCaffrey ,CAR,23,16,0,2,0,0,0,0,2019
806,78,Albert Wilson,MIA,27,4,1,2,20,0,1,1,2019
807,79,Danny Amendola,DET,34,10,1,1,19,1,1,0,2019
808,80,Kenjon Barner,ATL,29,0,1,1,3,0,0,0,2019
809,81,Andrew Beck,DEN,23,6,1,1,6,0,1,0,2019
810,82,John Brown,BUF,29,15,1,1,28,1,1,0,2019
811,83,Randall Cobb,DAL,29,6,0,1,0,0,0,0,2019
812,84,Dustin Colquitt,KAN,37,0,0,1,0,0,0,0,2019
813,85,Stefon Diggs,MIN,26,15,0,1,0,0,0,0,2019
814,86,Jake Elliott,PHI,24,0,0,1,0,0,0,0,2019
815,87,Alex Erickson ,CIN,27,6,1,1,26,0,1,0,2019
816,89,Kelvin Harmon,WAS,23,8,1,1,11,0,1,0,2019
817,90,Alvin Kamara,NOR,24,9,1,1,13,0,1,0,2019
818,91,Sam Koch,BAL,37,0,1,1,-2,0,0,0,2019
819,92,Cooper Kupp,LAR,26,14,0,1,0,0,0,0,2019
820,93,Andy Lee ,ARI,37,0,1,1,26,0,1,0,2019
821,94,Michael Palardy,CAR,27,0,1,1,12,0,1,0,2019
822,95,Zach Pascal,IND,25,13,0,1,0,0,0,0,2019
823,96,Dante Pettis,SFO,24,4,1,1,16,0,1,0,2019
824,97,Bilal Powell,NYJ,31,1,0,1,0,0,0,0,2019
825,99,Steven Sims,WAS,22,2,0,1,0,0,0,0,2019
826,100,Courtland Sutton,DEN,24,14,1,1,38,0,1,0,2019
827,101,Alex Tanney,NYG,32,0,1,1,1,0,0,0,2019
828,102,James White ,NWE,27,1,1,1,35,0,1,0,2019
